title,content,author,created_utc,score,url,num_comments
Finally gained Matiks rating 1600 after playing for so long!,i have been grinding matiks daily for past 6 months started it to just get better at math (left maths after 10th) and do something more productive than just doomscrolling. got addicted with leaderboard and rankings in game (i get a mad dopamine rush everytime i win) and after playing it daily for past 6 months finally got 1600+ rating!!!!! Feels so good man,Haunting-Play2908,1763458711.0,371,https://reddit.com/r/Indiangamers/comments/1p07p9i/finally_gained_matiks_rating_1600_after_playing/,34
How I landed an internship at Matiks through Reddit (and genuine curiosity),"So this might sound crazy, but I literally got my internship offer because of my Reddit activity. Here's how it went down:

I discovered Matiks a few months ago and honestly became pretty obsessed with the app. Like....i was using it daily and genuinely loved what they were building. The math problems were actually engaging and I found myself spending way too much time on it lol.

Being the curious person i am...i started digging deeper...i began posting about math problems and the app on various subreddit...not for any personal gain but just because i was genuinely excited about it...i hadd recommend it to people who were looking for math practice apps...share interesting problems i solved...that sort of thing

I also went down a bit of a rabbit hole researching the company checking out their team on Linkedin following their updates on X (twitter) seeing what they were posting on instagram...i was just fascinated by their approach and wanted to understand the people behind the product.

Then one day... out of nowhere,i get this DM: ""Hey, we've noticed your analytical skills and genuine interest in our product. We'd like to offer you a Product and Growth internship position... for that first you'll need to complete a task for us""

I was honestly shocked...apparently they had been monitoring community engagement and noticed my consistent...thoughtful posts about their app and math in general...they said my organic promotion and deep curiosity about their product/team showed exactly the kind of analytical mindset they were looking for

I completed their task (which was actually pretty challenging and fun) and now i am officially their Product and Growth intern!

Key takeaways:
Genuine passion and curiosity really do get noticed
Companies are watching community engagement more than you think  
Sometimes the best opportunities come when you're not even looking for them
Being authentically interested in a product can literally open doors

Has anyone else had unexpected opportunities come from just being genuinely engaged with something they love? Would love to hear similar stories!",Capital_Bug_4252,1747974495.0,60,https://reddit.com/r/indiasocial/comments/1ktaup1/how_i_landed_an_internship_at_matiks_through/,13
Have u heard about matiks,"I'm tired of seeing those matiks ads everyday, so I downloaded to see what is it about , 
Damn it is so good , 
1min math duels are very addictive  , instant dopamine

After some research, i found out that founders are from IIT Guwahati 2022 batch 
Damn , am I the only one who was living under a rock?",CalligrapherWild8247,1767041819.0,20,https://reddit.com/r/iitg/comments/1pyxxcy/have_u_heard_about_matiks/,18
"Matiks sent me a cake lol, for 100 days streak!","So this post has been long pending as I've been waiting for the day I hit 100 days on Matiks. I was scrolling LinkedIn when I found the app, (drishtibution), but didn't really download it. However, someone posted a photo of them with cake for 100 day streak, and I was like, I want to do this ðŸ˜‚

In the last 107 days, I've seen this app change so much. I've followed them what they are doing, even used to send them feedbacks on the application. And yeah, it's been fun. My rating has been stable and haven't been able to increase it, but I still don't miss my streak. Fun to hai application. success of matiks feels personal 

It's been nice abhi tak, really want to get something on the 200 streak now, maybe not a cakeðŸ˜‚

PS: Matiks team if you're reading this, the old UI was better, new one is badðŸ˜­",AccomplishedLie7719,1756459482.0,7,https://reddit.com/r/matiks/comments/1n32ofy/matiks_sent_me_a_cake_lol_for_100_days_streak/,2
Sum of squares,A bit confusing to me. What would be the answer here? How to solve it. Is it sum of the digits after doing 43^2?,notsocazzguy,1765824293.0,13,https://reddit.com/r/matiks/comments/1pnfehh/sum_of_squares/,9
Got so tired of seeing matiks on my twitter and finally gave it a try.,kept seeing matiks on my twitter for weeks and honestly was gonna mute them cause it was getting annoying. finally gave in and downloaded it just to see what the hype was aboutâ€¦ and yeah i get it now. itâ€™s like 1 min quick math duels with instant dopamine. I won a few games &amp; started chasing higher rating.Â  now iâ€™m one of those people flexing my rating too ðŸ’€,Solenoidics,1755346540.0,461,https://reddit.com/r/unitedstatesofindia/comments/1mrtki0/got_so_tired_of_seeing_matiks_on_my_twitter_and/,35
"basta orens, matik pogi",,PuzzleheadedBad6264,1760447347.0,1996,https://reddit.com/r/catsofrph/comments/1o6f24i/basta_orens_matik_pogi/,40
16 it isss,,Capital_Bug_4252,1767427049.0,2784,https://reddit.com/r/matiks/comments/1q2ox0a/16_it_isss/,2023
Matiks streak &gt;&gt;&gt;&gt;&gt;,,verot__kuhli,1763552382.0,640,https://reddit.com/r/DesiVideoMemes/comments/1p15eld/matiks_streak/,41
Bilsel tartÄ±ÅŸma matik,,Anaokulu_CEOsu,1766818068.0,464,https://reddit.com/r/shitpostfrommygallery/comments/1pwr7zx/bilsel_tartÄ±ÅŸma_matik/,46
